year,age_group,population,total_population,population_share
2000,noch nicht Schulpflichtige (0 bis 5 Jahre),65097,1239547.1666666667,0.05251675914443486
2000,Schulpflichtige (6 bis 14 Jahre),84870.33333333333,1239547.1666666667,0.06846882120795994
2000,Berufsschulpflichtige (15 bis 17 Jahre),27045.416666666668,1239547.1666666667,0.021818787855726343
2000,18 bis 64 Jahre,865765.0833333334,1239547.1666666667,0.6984527145195362
2000,Rentner*innen (65 Jahre und älter),196769.33333333334,1239547.1666666667,0.1587429172723426
2001,noch nicht Schulpflichtige (0 bis 5 Jahre),66452.83333333333,1255124.25,0.052945223019420846
2001,Schulpflichtige (6 bis 14 Jahre),85674.75,1255124.25,0.06825997505824623
2001,Berufsschulpflichtige (15 bis 17 Jahre),26884.583333333332,1255124.25,0.021419858100370007
2001,18 bis 64 Jahre,875508.1666666666,1255124.25,0.6975470091241298
2001,Rentner*innen (65 Jahre und älter),200603.91666666666,1255124.25,0.15982793469783302
2002,noch nicht Schulpflichtige (0 bis 5 Jahre),67248.41666666667,1261889.4166666665,0.05329184616216702
2002,Schulpflichtige (6 bis 14 Jahre),86484.58333333333,1261889.4166666665,0.06853578625121207
2002,Berufsschulpflichtige (15 bis 17 Jahre),27391.333333333332,1261889.4166666665,0.021706603583132252
2002,18 bis 64 Jahre,876618.5833333333,1261889.4166666665,0.6946873250185089
2002,Rentner*innen (65 Jahre und älter),204146.5,1261889.4166666665,0.16177843898497976
2003,noch nicht Schulpflichtige (0 bis 5 Jahre),67343.08333333333,1267456.5833333333,0.053132457725869504
2003,Schulpflichtige (6 bis 14 Jahre),87329.5,1267456.5833333333,0.06890137393923881
2003,Berufsschulpflichtige (15 bis 17 Jahre),28215.416666666668,1267456.5833333333,0.022261446299376857
2003,18 bis 64 Jahre,875690.0833333334,1267456.5833333333,0.6909034162182677
2003,Rentner*innen (65 Jahre und älter),208878.5,1267456.5833333333,0.16480130581724728
2004,noch nicht Schulpflichtige (0 bis 5 Jahre),67491.33333333333,1268812.5833333333,0.053192515758335994
2004,Schulpflichtige (6 bis 14 Jahre),87880.5,1268812.5833333333,0.06926200224869039
2004,Berufsschulpflichtige (15 bis 17 Jahre),28911.333333333332,1268812.5833333333,0.02278613383339843
2004,18 bis 64 Jahre,869713.5,1268812.5833333333,0.6854546616452614
2004,Rentner*innen (65 Jahre und älter),214815.91666666666,1268812.5833333333,0.16930468651431382
2005,noch nicht Schulpflichtige (0 bis 5 Jahre),68228.08333333333,1281724.5833333335,0.053231469709268654
2005,Schulpflichtige (6 bis 14 Jahre),88378.66666666667,1281724.5833333335,0.06895293093062439
2005,Berufsschulpflichtige (15 bis 17 Jahre),29493.416666666668,1281724.5833333335,0.023010728708943256
2005,18 bis 64 Jahre,873307.5833333334,1281724.5833333335,0.6813535409160639
2005,Rentner*innen (65 Jahre und älter),222316.83333333334,1281724.5833333335,0.17345132973509975
2006,noch nicht Schulpflichtige (0 bis 5 Jahre),69239.25,1310208.5833333333,0.0528459749697615
2006,Schulpflichtige (6 bis 14 Jahre),88748.75,1310208.5833333333,0.06773635215715972
2006,Berufsschulpflichtige (15 bis 17 Jahre),29876.583333333332,1310208.5833333333,0.022802921392350822
2006,18 bis 64 Jahre,892812.3333333333,1310208.5833333333,0.6814276327376118
2006,Rentner*innen (65 Jahre und älter),229531.66666666666,1310208.5833333333,0.17518711874311615
2007,noch nicht Schulpflichtige (0 bis 5 Jahre),71112.66666666667,1339368.5,0.05309417584978792
2007,Schulpflichtige (6 bis 14 Jahre),89401,1339368.5,0.06674862071192506
2007,Berufsschulpflichtige (15 bis 17 Jahre),29900.75,1339368.5,0.022324513380746223
2007,18 bis 64 Jahre,913223.8333333334,1339368.5,0.6818316492685421
2007,Rentner*innen (65 Jahre und älter),235730.25,1339368.5,0.1760010407889987
2008,noch nicht Schulpflichtige (0 bis 5 Jahre),73088.16666666667,1358336,0.05380713363016711
2008,Schulpflichtige (6 bis 14 Jahre),90093.5,1358336,0.06632637285620052
2008,Berufsschulpflichtige (15 bis 17 Jahre),29468.666666666668,1358336,0.021694681335594924
2008,18 bis 64 Jahre,925017.5833333334,1358336,0.6809932029581292
2008,Rentner*innen (65 Jahre und älter),240668.08333333334,1358336,0.1771786092199083
2009,noch nicht Schulpflichtige (0 bis 5 Jahre),74178.58333333333,1359550.9166666667,0.054561092507814005
2009,Schulpflichtige (6 bis 14 Jahre),90373.08333333333,1359550.9166666667,0.06647274642343602
2009,Berufsschulpflichtige (15 bis 17 Jahre),28863.416666666668,1359550.9166666667,0.021230110849716245
2009,18 bis 64 Jahre,922308.5833333334,1359550.9166666667,0.6783920867006881
2009,Rentner*innen (65 Jahre und älter),243827.25,1359550.9166666667,0.1793439635183456
2010,noch nicht Schulpflichtige (0 bis 5 Jahre),75641.41666666667,1371516.6666666667,0.05515165692481559
2010,Schulpflichtige (6 bis 14 Jahre),91839.75,1371516.6666666667,0.06696218298477355
2010,Berufsschulpflichtige (15 bis 17 Jahre),28807.333333333332,1371516.6666666667,0.02100399800707246
2010,18 bis 64 Jahre,928606,1371516.6666666667,0.6770650496409084
2010,Rentner*innen (65 Jahre und älter),246622.16666666666,1371516.6666666667,0.1798171124424299
2011,noch nicht Schulpflichtige (0 bis 5 Jahre),77314.33333333333,1396811.75,0.05535057485973563
2011,Schulpflichtige (6 bis 14 Jahre),93781.16666666667,1396811.75,0.06713944571748245
2011,Berufsschulpflichtige (15 bis 17 Jahre),29403.333333333332,1396811.75,0.02105031929559107
2011,18 bis 64 Jahre,947699.3333333333,1396811.75,0.6784731967878516
2011,Rentner*innen (65 Jahre und älter),248613.58333333334,1396811.75,0.1779864633393393
2012,noch nicht Schulpflichtige (0 bis 5 Jahre),79099.58333333333,1426362.25,0.05545546605242345
2012,Schulpflichtige (6 bis 14 Jahre),95231.5,1426362.25,0.06676529752522545
2012,Berufsschulpflichtige (15 bis 17 Jahre),30207.666666666668,1426362.25,0.021178117036304536
2012,18 bis 64 Jahre,968752.4166666667,1426362.25,0.6791769879402422
2012,Rentner*innen (65 Jahre und älter),253071.08333333334,1426362.25,0.1774241314458044
2013,noch nicht Schulpflichtige (0 bis 5 Jahre),80783.75,1452290.5833333333,0.05562505942480405
2013,Schulpflichtige (6 bis 14 Jahre),97047.66666666667,1452290.5833333333,0.06682386278641322
2013,Berufsschulpflichtige (15 bis 17 Jahre),31173.333333333332,1452290.5833333333,0.021464942134227383
2013,18 bis 64 Jahre,986212.5,1452290.5833333333,0.6790738102401109
2013,Rentner*innen (65 Jahre und älter),257073.33333333334,1452290.5833333333,0.17701232541444445
2014,noch nicht Schulpflichtige (0 bis 5 Jahre),82347.25,1478323.6666666667,0.05570312635640684
2014,Schulpflichtige (6 bis 14 Jahre),99247,1478323.6666666667,0.06713482455691368
2014,Berufsschulpflichtige (15 bis 17 Jahre),32016.166666666668,1478323.6666666667,0.021657075096996124
2014,18 bis 64 Jahre,1003770.75,1478323.6666666667,0.6789925458362636
2014,Rentner*innen (65 Jahre und älter),260942.5,1478323.6666666667,0.17651242815341972
2015,noch nicht Schulpflichtige (0 bis 5 Jahre),84547.41666666667,1505974.0833333333,0.05614134904601336
2015,Schulpflichtige (6 bis 14 Jahre),101796.91666666667,1505974.0833333333,0.06759539741968779
2015,Berufsschulpflichtige (15 bis 17 Jahre),33558.583333333336,1505974.0833333333,0.02228363934328441
2015,18 bis 64 Jahre,1021764.9166666666,1505974.0833333333,0.6784744358980502
2015,Rentner*innen (65 Jahre und älter),264306.25,1505974.0833333333,0.17550517829296422
2016,noch nicht Schulpflichtige (0 bis 5 Jahre),87672.08333333333,1533763.0833333333,0.057161424920200356
2016,Schulpflichtige (6 bis 14 Jahre),104459.66666666667,1533763.0833333333,0.06810678115921533
2016,Berufsschulpflichtige (15 bis 17 Jahre),33762.583333333336,1533763.0833333333,0.022012906491370873
2016,18 bis 64 Jahre,1041098.7499999999,1533763.0833333333,0.678787200782911
2016,Rentner*innen (65 Jahre und älter),266770,1533763.0833333333,0.17393168664630246
2017,noch nicht Schulpflichtige (0 bis 5 Jahre),89475.16666666667,1540579.8333333335,0.05807888999369177
2017,Schulpflichtige (6 bis 14 Jahre),106379.08333333333,1540579.8333333335,0.0690513279686144
2017,Berufsschulpflichtige (15 bis 17 Jahre),32963.666666666664,1540579.8333333335,0.02139692208961582
2017,18 bis 64 Jahre,1044394.7500000001,1540579.8333333335,0.6779231607493239
2017,Rentner*innen (65 Jahre und älter),267367.1666666667,1540579.8333333335,0.17354969919875407
2018,noch nicht Schulpflichtige (0 bis 5 Jahre),90828.27272727272,1533308.727272727,0.059236780637665576
2018,Schulpflichtige (6 bis 14 Jahre),108056.54545454546,1533308.727272727,0.07047279098629014
2018,Berufsschulpflichtige (15 bis 17 Jahre),32934.09090909091,1533308.727272727,0.02147909962507699
2018,18 bis 64 Jahre,1035746.7272727272,1533308.727272727,0.6754978360522308
2018,Rentner*innen (65 Jahre und älter),265743.0909090909,1533308.727272727,0.17331349269873658
2019,noch nicht Schulpflichtige (0 bis 5 Jahre),91837.91666666667,1550235.3333333335,0.05924127433555249
2019,Schulpflichtige (6 bis 14 Jahre),110070.5,1550235.3333333335,0.0710024456501873
2019,Berufsschulpflichtige (15 bis 17 Jahre),33335.25,1550235.3333333335,0.02150334809381629
2019,18 bis 64 Jahre,1048087.6666666667,1550235.3333333335,0.6760829431058424
2019,Rentner*innen (65 Jahre und älter),266904,1550235.3333333335,0.17216998881460147
2020,noch nicht Schulpflichtige (0 bis 5 Jahre),92083.75,1560415.0833333333,0.059012342923071594
2020,Schulpflichtige (6 bis 14 Jahre),111920.25,1560415.0833333333,0.071724665568419
2020,Berufsschulpflichtige (15 bis 17 Jahre),34084.416666666664,1560415.0833333333,0.02184317303179106
2020,18 bis 64 Jahre,1053870.25,1560415.0833333333,0.675378148581299
2020,Rentner*innen (65 Jahre und älter),268456.4166666667,1560415.0833333333,0.1720416698954194
2021,noch nicht Schulpflichtige (0 bis 5 Jahre),91882.16666666667,1562123.25,0.058818769048259584
2021,Schulpflichtige (6 bis 14 Jahre),113332.41666666667,1562123.25,0.07255023998053077
2021,Berufsschulpflichtige (15 bis 17 Jahre),34744.333333333336,1562123.25,0.022241736260780534
2021,18 bis 64 Jahre,1053943.9166666667,1562123.25,0.674686787144783
2021,Rentner*innen (65 Jahre und älter),268220.4166666667,1562123.25,0.1717024675656461
2022,noch nicht Schulpflichtige (0 bis 5 Jahre),92129.66666666667,1578981.75,0.05834751837167635
2022,Schulpflichtige (6 bis 14 Jahre),116849.66666666667,1578981.75,0.07400317746969949
2022,Berufsschulpflichtige (15 bis 17 Jahre),36373.416666666664,1578981.75,0.023035995613417737
2022,18 bis 64 Jahre,1064544.5833333333,1578981.75,0.6741968888071906
2022,Rentner*innen (65 Jahre und älter),269084.4166666667,1578981.75,0.17041641973801577
2023,noch nicht Schulpflichtige (0 bis 5 Jahre),90748.41666666667,1584994,0.05725473829343623
2023,Schulpflichtige (6 bis 14 Jahre),118403.16666666667,1584994,0.07470259614021672
2023,Berufsschulpflichtige (15 bis 17 Jahre),37389.083333333336,1584994,0.023589416321660103
2023,18 bis 64 Jahre,1069250.75,1584994,0.6746087051433634
2023,Rentner*innen (65 Jahre und älter),269202.5833333333,1584994,0.1698445441013236
2024,noch nicht Schulpflichtige (0 bis 5 Jahre),89063,1595787.7500000002,0.05581130698615777
2024,Schulpflichtige (6 bis 14 Jahre),119601.25,1595787.7500000002,0.07494809381761453
2024,Berufsschulpflichtige (15 bis 17 Jahre),38038.083333333336,1595787.7500000002,0.023836555540254857
2024,18 bis 64 Jahre,1078140.0833333335,1595787.7500000002,0.6756162173405162
2024,Rentner*innen (65 Jahre und älter),270945.3333333333,1595787.7500000002,0.1697878263154566
