year,age_group,population
2000,noch nicht Schulpflichtige (0 bis 5 Jahre),65097
2000,Schulpflichtige (6 bis 14 Jahre),84870.33333333333
2000,Berufsschulpflichtige (15 bis 17 Jahre),27045.416666666668
2000,18 bis 64 Jahre,865765.0833333334
2000,Rentner*innen (65 Jahre und älter),196769.33333333334
2001,noch nicht Schulpflichtige (0 bis 5 Jahre),66452.83333333333
2001,Schulpflichtige (6 bis 14 Jahre),85674.75
2001,Berufsschulpflichtige (15 bis 17 Jahre),26884.583333333332
2001,18 bis 64 Jahre,875508.1666666666
2001,Rentner*innen (65 Jahre und älter),200603.91666666666
2002,noch nicht Schulpflichtige (0 bis 5 Jahre),67248.41666666667
2002,Schulpflichtige (6 bis 14 Jahre),86484.58333333333
2002,Berufsschulpflichtige (15 bis 17 Jahre),27391.333333333332
2002,18 bis 64 Jahre,876618.5833333333
2002,Rentner*innen (65 Jahre und älter),204146.5
2003,noch nicht Schulpflichtige (0 bis 5 Jahre),67343.08333333333
2003,Schulpflichtige (6 bis 14 Jahre),87329.5
2003,Berufsschulpflichtige (15 bis 17 Jahre),28215.416666666668
2003,18 bis 64 Jahre,875690.0833333334
2003,Rentner*innen (65 Jahre und älter),208878.5
2004,noch nicht Schulpflichtige (0 bis 5 Jahre),67491.33333333333
2004,Schulpflichtige (6 bis 14 Jahre),87880.5
2004,Berufsschulpflichtige (15 bis 17 Jahre),28911.333333333332
2004,18 bis 64 Jahre,869713.5
2004,Rentner*innen (65 Jahre und älter),214815.91666666666
2005,noch nicht Schulpflichtige (0 bis 5 Jahre),68228.08333333333
2005,Schulpflichtige (6 bis 14 Jahre),88378.66666666667
2005,Berufsschulpflichtige (15 bis 17 Jahre),29493.416666666668
2005,18 bis 64 Jahre,873307.5833333334
2005,Rentner*innen (65 Jahre und älter),222316.83333333334
2006,noch nicht Schulpflichtige (0 bis 5 Jahre),69239.25
2006,Schulpflichtige (6 bis 14 Jahre),88748.75
2006,Berufsschulpflichtige (15 bis 17 Jahre),29876.583333333332
2006,18 bis 64 Jahre,892812.3333333333
2006,Rentner*innen (65 Jahre und älter),229531.66666666666
2007,noch nicht Schulpflichtige (0 bis 5 Jahre),71112.66666666667
2007,Schulpflichtige (6 bis 14 Jahre),89401
2007,Berufsschulpflichtige (15 bis 17 Jahre),29900.75
2007,18 bis 64 Jahre,913223.8333333334
2007,Rentner*innen (65 Jahre und älter),235730.25
2008,noch nicht Schulpflichtige (0 bis 5 Jahre),73088.16666666667
2008,Schulpflichtige (6 bis 14 Jahre),90093.5
2008,Berufsschulpflichtige (15 bis 17 Jahre),29468.666666666668
2008,18 bis 64 Jahre,925017.5833333334
2008,Rentner*innen (65 Jahre und älter),240668.08333333334
2009,noch nicht Schulpflichtige (0 bis 5 Jahre),74178.58333333333
2009,Schulpflichtige (6 bis 14 Jahre),90373.08333333333
2009,Berufsschulpflichtige (15 bis 17 Jahre),28863.416666666668
2009,18 bis 64 Jahre,922308.5833333334
2009,Rentner*innen (65 Jahre und älter),243827.25
2010,noch nicht Schulpflichtige (0 bis 5 Jahre),75641.41666666667
2010,Schulpflichtige (6 bis 14 Jahre),91839.75
2010,Berufsschulpflichtige (15 bis 17 Jahre),28807.333333333332
2010,18 bis 64 Jahre,928606
2010,Rentner*innen (65 Jahre und älter),246622.16666666666
2011,noch nicht Schulpflichtige (0 bis 5 Jahre),77314.33333333333
2011,Schulpflichtige (6 bis 14 Jahre),93781.16666666667
2011,Berufsschulpflichtige (15 bis 17 Jahre),29403.333333333332
2011,18 bis 64 Jahre,947699.3333333333
2011,Rentner*innen (65 Jahre und älter),248613.58333333334
2012,noch nicht Schulpflichtige (0 bis 5 Jahre),79099.58333333333
2012,Schulpflichtige (6 bis 14 Jahre),95231.5
2012,Berufsschulpflichtige (15 bis 17 Jahre),30207.666666666668
2012,18 bis 64 Jahre,968752.4166666667
2012,Rentner*innen (65 Jahre und älter),253071.08333333334
2013,noch nicht Schulpflichtige (0 bis 5 Jahre),80783.75
2013,Schulpflichtige (6 bis 14 Jahre),97047.66666666667
2013,Berufsschulpflichtige (15 bis 17 Jahre),31173.333333333332
2013,18 bis 64 Jahre,986212.5
2013,Rentner*innen (65 Jahre und älter),257073.33333333334
2014,noch nicht Schulpflichtige (0 bis 5 Jahre),82347.25
2014,Schulpflichtige (6 bis 14 Jahre),99247
2014,Berufsschulpflichtige (15 bis 17 Jahre),32016.166666666668
2014,18 bis 64 Jahre,1003770.75
2014,Rentner*innen (65 Jahre und älter),260942.5
2015,noch nicht Schulpflichtige (0 bis 5 Jahre),84547.41666666667
2015,Schulpflichtige (6 bis 14 Jahre),101796.91666666667
2015,Berufsschulpflichtige (15 bis 17 Jahre),33558.583333333336
2015,18 bis 64 Jahre,1021764.9166666666
2015,Rentner*innen (65 Jahre und älter),264306.25
2016,noch nicht Schulpflichtige (0 bis 5 Jahre),87672.08333333333
2016,Schulpflichtige (6 bis 14 Jahre),104459.66666666667
2016,Berufsschulpflichtige (15 bis 17 Jahre),33762.583333333336
2016,18 bis 64 Jahre,1041098.7499999999
2016,Rentner*innen (65 Jahre und älter),266770
2017,noch nicht Schulpflichtige (0 bis 5 Jahre),89475.16666666667
2017,Schulpflichtige (6 bis 14 Jahre),106379.08333333333
2017,Berufsschulpflichtige (15 bis 17 Jahre),32963.666666666664
2017,18 bis 64 Jahre,1044394.7500000001
2017,Rentner*innen (65 Jahre und älter),267367.1666666667
2018,noch nicht Schulpflichtige (0 bis 5 Jahre),90828.27272727272
2018,Schulpflichtige (6 bis 14 Jahre),108056.54545454546
2018,Berufsschulpflichtige (15 bis 17 Jahre),32934.09090909091
2018,18 bis 64 Jahre,1035746.7272727272
2018,Rentner*innen (65 Jahre und älter),265743.0909090909
2019,noch nicht Schulpflichtige (0 bis 5 Jahre),91837.91666666667
2019,Schulpflichtige (6 bis 14 Jahre),110070.5
2019,Berufsschulpflichtige (15 bis 17 Jahre),33335.25
2019,18 bis 64 Jahre,1048087.6666666667
2019,Rentner*innen (65 Jahre und älter),266904
2020,noch nicht Schulpflichtige (0 bis 5 Jahre),92083.75
2020,Schulpflichtige (6 bis 14 Jahre),111920.25
2020,Berufsschulpflichtige (15 bis 17 Jahre),34084.416666666664
2020,18 bis 64 Jahre,1053870.25
2020,Rentner*innen (65 Jahre und älter),268456.4166666667
2021,noch nicht Schulpflichtige (0 bis 5 Jahre),91882.16666666667
2021,Schulpflichtige (6 bis 14 Jahre),113332.41666666667
2021,Berufsschulpflichtige (15 bis 17 Jahre),34744.333333333336
2021,18 bis 64 Jahre,1053943.9166666667
2021,Rentner*innen (65 Jahre und älter),268220.4166666667
2022,noch nicht Schulpflichtige (0 bis 5 Jahre),92129.66666666667
2022,Schulpflichtige (6 bis 14 Jahre),116849.66666666667
2022,Berufsschulpflichtige (15 bis 17 Jahre),36373.416666666664
2022,18 bis 64 Jahre,1064544.5833333333
2022,Rentner*innen (65 Jahre und älter),269084.4166666667
2023,noch nicht Schulpflichtige (0 bis 5 Jahre),90748.41666666667
2023,Schulpflichtige (6 bis 14 Jahre),118403.16666666667
2023,Berufsschulpflichtige (15 bis 17 Jahre),37389.083333333336
2023,18 bis 64 Jahre,1069250.75
2023,Rentner*innen (65 Jahre und älter),269202.5833333333
2024,noch nicht Schulpflichtige (0 bis 5 Jahre),89063
2024,Schulpflichtige (6 bis 14 Jahre),119601.25
2024,Berufsschulpflichtige (15 bis 17 Jahre),38038.083333333336
2024,18 bis 64 Jahre,1078140.0833333335
2024,Rentner*innen (65 Jahre und älter),270945.3333333333
